id,city,country,region,short_description,latitude,longitude,ideal_durations,budget_level,culture,adventure,nature,beaches,nightlife,cuisine,wellness,urban,seclusion,safety,best_months
f4bc5867-53ea-4830-88f0-9f1e8b079dba,Rome,Italy,Europe,"A hub of ancient history and modern culture, with rich traditions, art, and landmarks.",41.902782,12.496366,"[""Short trip"",""One week""]",Mid-range,5,3,3,2,4,5,3,5,2,"Generally safe, but watch out for pickpockets","4,5,9,10"
29770047-59c4-4376-bc5e-afc3a22bb3b7,Florence,Italy,Europe,"Home to world-class museums, including the Uffizi Gallery and Michelangelo?s David.",43.769581,11.255772,"[""Weekend"",""One week"",""Short trip""]",Mid-range,5,2,3,1,3,5,3,4,2,"Generally safe, but watch out for pickpockets","4,5,9,10"
ebfe4d1b-75c7-4553-af9d-db3a83789ac9,Venice,Italy,Europe,"An iconic city of water, renowned for romantic gondola rides and historic landmarks.",45.435559,12.336196,"[""Short trip"",""Weekend"",""One week""]",Luxury,5,2,3,1,3,5,3,4,2,"Generally safe, but watch out for pickpockets","4,5,9,10"
e7b15eba-eb08-4798-b31c-3497266c5237,Milan,Italy,Europe,"A modern city with an ancient soul, featuring La Scala and the Duomo di Milano.",45.464643,9.18854,"[""Short trip"",""One week""]",Luxury,5,2,2,1,4,5,3,5,2,"Generally safe, but watch out for pickpockets","4,5,9,10"
2c65eb19-c3d9-4717-ba5b-09fa68cfaf7c,Naples,Italy,Europe,"Famous for pizza, Pompeii, and proximity to the Amalfi Coast.",40.85133,14.25472,"[""Short trip"",""One week"",""Weekend""]",Mid-range,5,3,3,3,4,5,3,4,2,"Generally safe, but be aware of pickpockets","4,5,9,10"
4d641577-a603-4c02-b586-dcf71e7d4b2b,Cinque Terre,Italy,Europe,Scenic coastal towns connected by breathtaking hiking trails and beaches.,44.131811,9.653342,"[""Weekend"",""Short trip""]",Mid-range,3,3,5,4,2,4,3,1,4,"Generally safe, but be aware of crowds","4,5,9,10"
a04255a6-b775-4121-8ab3-7f0feb65a025,Pisa,Italy,Europe,"Known for the iconic Leaning Tower of Pisa, as well as its Romanesque architecture.",43.715899,10.996557,"[""Short trip"",""Weekend"",""Day trip""]",Mid-range,4,2,3,2,3,4,3,3,2,Generally safe,"4,5,9,10"
7d1e53d1-bc67-4fef-9dcd-4fd93bac51f4,Verona,Italy,Europe,"Famous for being the setting of ""Romeo and Juliet"" and its well-preserved Roman amphitheater.",45.439559,10.996557,"[""Short trip"",""Weekend""]",Mid-range,5,2,3,1,3,4,3,4,3,Generally safe,"4,5,9,10"
1b303a56-21b9-4b2b-af64-97fcbe20b021,Barcelona,Spain,Europe,"A city of stunning architecture, art, and vibrant culture. Famous for La Sagrada Familia and Park Güell.",41.385064,2.173135,"[""Short trip"",""One week""]",Mid-range,5,3,3,4,5,5,3,5,2,"Generally safe, but watch out for pickpockets","4,5,9,10"
1e5134e2-8d14-40a1-a387-31e3845706a4,Madrid,Spain,Europe,"Home to the Prado Museum, Royal Palace, and rich Spanish history.",40.416775,-3.70379,"[""Weekend"",""One week"",""Short trip""]",Mid-range,5,3,2,1,5,5,3,5,2,"Generally safe, but be aware of pickpockets","4,5,9,10"
667970d3-0f21-436b-a930-36b76e9bbb64,Seville,Spain,Europe,"The heart of Andalusian culture, with stunning landmarks like the Alcázar and the Seville Cathedral.",37.38908,-5.98398,"[""Weekend"",""One week"",""Short trip""]",Mid-range,5,3,2,1,4,5,3,4,2,"Generally safe, but be aware of pickpockets","4,5,9,10"
4208dedd-8c81-47f9-a5a9-d53a4e3af78e,Valencia,Spain,Europe,"The birthplace of paella, with a mix of futuristic and historic architecture.",39.472925,-0.378464,"[""Weekend"",""One week"",""Short trip""]",Mid-range,4,3,4,4,4,5,3,4,3,"Generally safe, but be aware of pickpockets","4,5,9,10"
edeb35d6-a3bf-43f7-b2ae-b43fdb8e6895,Granada,Spain,Europe,Known for the magnificent Alhambra palace and stunning Moorish architecture.,37.187222,-3.60531,"[""Short trip"",""Weekend"",""One week""]",Mid-range,5,3,3,2,4,5,3,4,2,"Generally safe, but be aware of pickpockets","4,5,9,10"
67d3090f-c4bd-4225-ad1a-cd4d101e657f,Málaga,Spain,Europe,"Birthplace of Picasso, featuring stunning beaches and a lively port.",36.720161,-4.421234,"[""Short trip"",""Weekend"",""One week""]",Mid-range,4,3,3,4,4,4,3,4,2,"Generally safe, but be aware of pickpockets","4,5,9,10"
0cca40d8-f933-43df-9f0c-92fe5b3c4896,Bilbao,Spain,Europe,"An industrial city turned cultural hotspot, home to the iconic Guggenheim Museum.",43.257158,-2.936487,"[""Weekend"",""One week"",""Short trip""]",Mid-range,5,3,3,2,4,4,3,4,2,Generally safe,"4,5,9,10"
22c4c0b1-38a1-4dd3-9d73-2d02e72ebae4,San Sebastián,Spain,Europe,"Renowned for its food scene, with pristine beaches and picturesque Old Town streets.",43.317915,-1.959563,"[""Short trip"",""Weekend"",""One week""]",Mid-range,4,3,3,5,4,5,3,3,2,Generally safe,"4,5,9,10"
920bcde5-3433-4c9b-85ce-0eb026ca2b1c,Paris,France,Europe,"A city of art, fashion, and culture, featuring world-famous landmarks and museums.",48.856614,2.352222,"[""Short trip"",""One week"",""Weekend""]",Luxury,5,2,3,1,5,5,4,5,2,"Generally safe, but watch out for pickpockets","4,5,9,10"
e295c4fb-af0c-469f-8d16-daf2da9c4aa3,Nice,France,Europe,A coastal gem with a beautiful Promenade des Anglais and stunning views of the French Riviera.,43.703761,7.268731,"[""Short trip"",""One week""]",Mid-range,4,3,3,5,4,4,4,4,2,"Generally safe, but be aware of pickpockets","4,5,9,10"
defc2e11-f5e5-431c-bb8a-af6132b7c339,Marseille,France,Europe,"A city rich in history and culture, with a vibrant port and stunning coastal landscapes.",43.296168,5.370254,"[""Short trip"",""Weekend"",""One week""]",Mid-range,4,3,3,3,4,4,3,4,2,"Generally safe, but be aware of pickpockets","4,5,9,10"
d7de7b3c-b5dc-466a-813b-24a71e2320c0,Lyon,France,Europe,"Famous for its gastronomy, vibrant old town, and Renaissance architecture.",45.764048,4.835656,"[""Short trip"",""One week"",""Weekend""]",Mid-range,5,2,3,1,4,5,3,4,2,"Generally safe, but be aware of pickpockets","4,5,9,10"
6ec4a4a3-f8b9-413e-9777-b3c1ab11cdd9,Bordeaux,France,Europe,"Renowned for its vineyards and wine, as well as its charming 18th-century architecture.",44.837789,-0.57918,"[""Short trip"",""Weekend"",""One week""]",Mid-range,4,2,3,2,3,5,3,4,3,"Generally safe, but be aware of pickpockets","4,5,9,10"
71a6e287-3670-488c-ab4b-b12c27d9bbab,Strasbourg,France,Europe,"Located on the border with Germany, Strasbourg has a unique blend of French and German cultures.",48.572935,7.751936,"[""Short trip"",""Weekend"",""One week""]",Mid-range,5,2,3,1,3,4,3,4,3,"Generally safe, but be aware of pickpockets","4,5,9,10"
e3dad871-711e-4a3e-bb87-dba0077a61e3,Cannes,France,Europe,"World-famous for the Cannes Film Festival, featuring stunning views of the Mediterranean Sea.",43.542333,7.02427,"[""Weekend"",""Short trip""]",Luxury,3,2,2,5,5,4,4,4,2,"Generally safe, but be aware of pickpockets","4,5,9,10"
b0b445a8-4b59-44b3-9a6a-caed6a45cb24,Vienna,Austria,Europe,"A cultural capital with imperial architecture, famous museums, and vibrant cafe culture.",48.208171,16.373869,"[""One week"",""Short trip"",""Weekend""]",Mid-range,5,2,3,1,4,5,4,5,2,Generally safe,"4,5,9,10"
00eefe7b-df4e-4d2a-b666-38967f8930e0,Salzburg,Austria,Europe,"A city rich in history, music, and stunning Alpine surroundings, home to the Salzburg Festival.",47.697994,13.040555,"[""Short trip"",""Weekend"",""One week""]",Mid-range,5,3,4,1,3,4,3,3,3,Generally safe,"4,5,9,10"
4fb79921-1f31-4ece-83eb-a16fb8f1f713,Innsbruck,Austria,Europe,"A gateway to the Austrian Alps, Innsbruck offers both historical charm and outdoor adventure.",47.269219,11.397277,"[""Short trip"",""Weekend"",""One week""]",Mid-range,4,5,5,1,3,4,3,3,3,Generally safe,"1,2,3,6,7,8,9,12"
2846d1f1-6928-4b2f-827d-62651285d11d,Hallstatt,Austria,Europe,"A UNESCO World Heritage Site, Hallstatt is known for its stunning lakeside setting and history.",47.556733,13.649528,"[""Weekend"",""Day trip""]",Mid-range,4,3,5,2,2,3,3,2,4,Generally safe,"4,5,9,10"
9df9e605-4b8c-4761-82e0-03b3d7b65735,Graz,Austria,Europe,"A city blending modern culture with historic architecture, featuring a vibrant arts scene.",47.070593,15.438261,"[""Weekend"",""Short trip""]",Mid-range,4,2,3,1,3,4,3,4,2,Generally safe,"4,5,9,10"
2540b349-2796-471d-bc12-c5a2fc04593b,Zell am See,Austria,Europe,Zell am See offers breathtaking views of the Alps and a range of recreational activities.,47.516804,13.032121,"[""Short trip"",""One week""]",Mid-range,2,5,5,2,2,3,4,1,4,Generally safe,"1,2,3,6,7,8,9,12"
3306b131-50c2-4e20-b465-b538cd19d061,Bregenz,Austria,Europe,"Bregenz is renowned for its lakeside festivals, including the famous Bregenz Festival on the lake.",47.510488,9.741326,"[""Weekend""]",Mid-range,3,3,4,2,2,3,3,2,3,Generally safe,"6,7,8,9"
814d251f-2054-4529-8b8f-fdc90021b169,Bad Gastein,Austria,Europe,"Bad Gastein is famous for its thermal baths, offering relaxation and wellness in the Alps.",47.320594,13.426595,"[""Short trip"",""One week""]",Mid-range,2,4,5,1,2,3,5,1,4,Generally safe,"1,2,3,6,7,8,9,12"
dc719666-f237-49af-a3be-23356ec22c80,Brussels,Belgium,Europe,"A political and cultural hub with impressive architecture, museums, and a vibrant arts scene.",50.850441,4.356949,"[""One week"",""Short trip"",""Weekend""]",Mid-range,4,2,3,1,3,4,3,4,2,"Generally safe, but watch out for pickpockets","4,5,9,10"
7eec9173-96b9-4375-8757-6f3e2142430f,Bruges,Belgium,Europe,"A UNESCO World Heritage Site, known as the ""Venice of the North"" for its romantic canals and bridges.",51.205937,3.210851,"[""Short trip"",""Weekend""]",Mid-range,5,2,3,1,3,4,3,3,4,Generally safe,"4,5,9,10"
9c564a1c-e6f6-433c-b969-0e07586b9a71,Ghent,Belgium,Europe,"Ghent is known for its rich history, including the famous Ghent Altarpiece and stunning medieval towers.",51.057089,3.715678,"[""Short trip"",""Weekend""]",Mid-range,5,2,3,1,4,4,3,4,2,Generally safe,"4,5,9,10"
146dd4f6-c69f-4b4e-b00b-30e1ceefc7f7,Antwerp,Belgium,Europe,"Antwerp boasts a lively arts scene, historic squares, and is a global hub for the diamond trade.",51.223581,4.415875,"[""One week"",""Weekend"",""Short trip""]",Mid-range,4,2,2,1,4,4,3,4,2,Generally safe,"4,5,9,10"
a458cbab-8029-4f98-84cc-641215573497,Leuven,Belgium,Europe,Leuven is home to one of the oldest universities in Europe and is known for its lively atmosphere.,50.872166,4.686716,"[""Weekend""]",Mid-range,4,2,2,1,4,4,2,4,2,Generally safe,"4,5,9,10"
dd1e4ab4-428c-4603-8d87-69283d4225cd,Dinant,Belgium,Europe,"Dinant is the birthplace of Adolphe Sax, inventor of the saxophone, and features striking riverside views.",50.275573,5.024897,"[""Weekend""]",Mid-range,3,3,4,1,2,3,2,2,3,Generally safe,"4,5,9,10"
bf5f43c1-8b3f-4b81-9775-7cb48496ba0e,Ypres,Belgium,Europe,"Ypres was the site of major WWI battles, now a center for remembrance with moving memorials.",50.841984,2.863538,"[""Weekend""]",Mid-range,5,1,2,1,1,3,2,2,3,Generally safe,"4,5,9,10"
a595686d-24b8-4457-93b1-981a999e4f67,Spa,Belgium,Europe,The town of Spa gave its name to the concept of health spas and is famous for its healing waters.,50.451977,5.965836,"[""Weekend""]",Mid-range,3,3,4,1,2,3,5,2,3,Generally safe,"4,5,9,10"
14e56e13-d340-4a04-ba10-aa96e1c63951,Ostend,Belgium,Europe,"Ostend offers a combination of seaside relaxation, culture, and lively entertainment on the Belgian coast.",51.333563,2.902675,"[""Weekend""]",Mid-range,3,2,3,4,3,3,3,3,2,Generally safe,"4,5,9,10"
81f83f33-d7b3-4efc-b0fb-28acc6e1b443,Namur,Belgium,Europe,Namur serves as the capital of Wallonia and offers rich history alongside beautiful riverside landscapes.,50.467063,4.886067,"[""Weekend""]",Mid-range,4,2,3,1,3,3,2,3,2,Generally safe,"4,5,9,10"
3502b542-33fe-4b8d-be62-138b0c173863,Copenhagen,Denmark,Europe,"Denmark's capital, famous for Nyhavn, the Little Mermaid statue, and a lively café scene.",55.676098,12.568337,"[""One week"",""Short trip"",""Weekend""]",Mid-range,5,2,3,2,4,4,3,5,2,Generally safe,"4,5,9,10"
adeecbb7-30e5-481d-b7c4-215ea8fe1c85,Aarhus,Denmark,Europe,"Denmark's second-largest city, a cultural hub with museums, festivals, and university life.",56.150947,10.217696,"[""Short trip"",""Weekend""]",Mid-range,4,2,3,3,3,4,3,4,3,Generally safe,"4,5,9,10"
5cef7123-6a4c-4e65-8494-ddac36f7ce08,Odense,Denmark,Europe,"A charming city with a strong literary history, scenic parks, and museums.",55.397081,10.395973,"[""Weekend""]",Mid-range,4,2,2,2,3,3,3,3,2,Generally safe,"4,5,9,10"
1dc31c56-8d54-4440-a240-adbaabc4f631,Toledo,Spain,Europe,"A historic hilltop city known for its medieval old town, cathedral and blend of cultures.",39.8628,-4.0273,"[""Weekend""]",Mid-range,5,1,2,2,1,2,2,1,4,Generally safe,"4,5,9,10"
e24d7c00-ce39-4918-930e-aa60158632f0,Roskilde,Denmark,Europe,Roskilde is a UNESCO site with a rich history and vibrant music culture.,55.652853,12.091578,"[""Weekend""]",Mid-range,4,2,2,2,4,3,2,3,2,Generally safe,"4,5,9,10"
bd1e5463-b902-4500-802f-1d934b1c945f,Helsingør,Denmark,Europe,A coastal town with historic significance and stunning seaside views.,56.033245,12.614037,"[""Weekend""]",Mid-range,5,2,2,2,2,3,2,3,2,Generally safe,"4,5,9,10"
3827c02f-1860-40d1-b9f8-c058d502d1da,Aalborg,Denmark,Europe,Aalborg offers a mix of modern culture and historical architecture.,57.033361,9.920094,"[""Weekend"",""Short trip""]",Mid-range,3,2,2,2,4,3,3,4,2,Generally safe,"4,5,9,10"
b9ed86db-5ffd-45d2-86ac-ce0f8be4d02d,Berlin,Germany,Europe,"Famous for the Brandenburg Gate, Berlin Wall, and rich cultural heritage.",52.520008,13.404954,"[""Short trip"",""Weekend"",""One week""]",Mid-range,5,3,2,1,5,4,3,5,2,"Generally safe, but watch for pickpockets","4,5,9,10"
353cbf6e-352f-4785-9200-28996f3a5286,Munich,Germany,Europe,"Known for its beer culture, historic Marienplatz, and beautiful English Garden.",48.137152,11.576123,"[""Day trip"",""Weekend"",""Short trip""]",Mid-range,5,3,3,1,4,4,3,5,2,Generally safe,"4,5,9,10"
b40129c2-55ae-4938-8993-1a64243b2246,Frankfurt,Germany,Europe,"Home to the European Central Bank, Goethe House, and impressive modern skyline.",50.110922,8.682127,"[""Short trip"",""One week"",""Weekend""]",Mid-range,4,2,3,1,4,4,3,5,2,Generally safe,"4,5,9,10"
e9ab4504-37ce-497c-8696-d4e7a6b7ca99,Cologne,Germany,Europe,The Cologne Cathedral is a UNESCO World Heritage site and one of Germany?s most iconic landmarks.,50.936662,6.959955,"[""Short trip"",""Weekend"",""One week""]",Mid-range,4,2,3,1,4,4,3,4,2,Generally safe,"4,5,9,10"
2e571a74-7af3-487a-8762-575dbec7879c,Hamburg,Germany,Europe,"Hamburg boasts a lively arts scene, modern architecture, and historic Speicherstadt.",53.550278,9.993681,"[""Short trip"",""One week"",""Weekend""]",Mid-range,4,3,3,2,4,4,3,5,2,Generally safe,"4,5,9,10"
07fc1892-fefc-441c-90b1-26bf8784ead0,Dresden,Germany,Europe,"The city was heavily bombed in WWII but has been beautifully restored, with notable landmarks like the Zwinger Palace.",51.051005,13.737234,"[""Short trip"",""Weekend""]",Mid-range,5,2,2,1,3,3,3,4,2,Generally safe,"4,5,9,10"
6f506969-fc91-4816-81fd-ff48a2841663,Heidelberg,Germany,Europe,"A romantic riverside city with a famous university, captivating castle, and cobblestone streets.",49.405154,8.691038,"[""Short trip"",""Weekend""]",Mid-range,5,2,4,1,3,4,3,3,4,Generally safe,"4,5,9,10"
a4ee902c-7cb1-4e31-aaf8-c3f78dcae557,Rothenburg ob der Tauber,Germany,Europe,"A fairy-tale destination with cobblestone streets, medieval architecture, and vibrant festivals.",49.443589,10.090444,"[""Weekend""]",Mid-range,5,2,2,1,1,3,2,2,3,Generally safe,"4,5,9,10"
be4e1f83-894f-4f35-938a-d59ac9082acf,Monaco-Ville,Monaco,Europe,"Perched on a rocky promontory, Monaco-Ville offers stunning views and historic landmarks.",45.437078,7.426435,"[""Weekend""]",Luxury,4,2,2,3,5,4,4,5,1,Generally safe,"4,5,9,10"
02ab7d0a-5277-4a95-bc18-91fb4a8de382,Moscow,Russia,Europe,Russia's bustling capital with a rich history and impressive landmarks.,55.755796,37.617315,"[""One week"",""Short trip""]",Mid-range,5,3,2,1,4,4,3,5,2,"Generally safe, but be aware of pickpockets","5,6,9,10"
e9668a82-1bf8-4723-b933-a9df96a84eb8,St. Petersburg,Russia,Europe,Known for its stunning architecture and cultural heritage.,59.934083,30.335285,"[""Short trip"",""One week""]",Mid-range,5,2,2,1,4,4,3,5,1,"Generally safe, but be aware of pickpockets","5,6,9,10"
627de43c-1af0-49c1-9667-a8e8ce9ad449,Sochi,Russia,Europe,Popular destination for beachgoers and winter sports enthusiasts.,43.565133,39.60304,"[""Short trip"",""One week""]",Mid-range,2,4,4,5,4,3,4,3,2,"Generally safe, but be aware of pickpockets","6,7,8"
1bcd2cde-5c55-44a3-bf6b-74ff3dbac5ed,Kazan,Russia,Europe,Known for its rich history and cultural diversity.,55.794722,49.111389,"[""Short trip"",""Weekend""]",Mid-range,5,2,2,2,3,3,3,4,2,Generally safe,"5,6,9,10"
e445410c-3235-443b-8b07-9a04b027bebe,Trieste,Italy,Europe,"A coastal city blending Italian, Slavic and Austrian heritage, with elegant squares and a scenic seafront.",45.6495,13.7768,"[""One week"",""Short trip""]",Mid-range,4,3,4,2,3,3,2,3,3,Generally safe,"5,6,9,10"
09d709f1-a64d-4080-8de7-4aa65e2c3b2b,Athens,Greece,Europe,"Capital city known for ancient ruins, museums, and vibrant nightlife.",37.979452,23.716217,"[""One week"",""Short trip"",""Weekend""]",Mid-range,5,3,3,3,4,5,3,4,2,"Generally safe, but watch out for pickpockets","4,5,9,10"
a3bf8024-5288-464c-8ac9-81f1cd9b9b29,Nafplio,Greece,Europe,"Historic city known for Venetian fortress, charming streets, and beaches.",37.571111,22.767778,"[""Short trip"",""Weekend"",""Day trip""]",Mid-range,4,3,4,3,3,4,3,3,4,Generally safe,"4,5,9,10"
052148e4-1f14-4e20-b55e-e9b71153c03e,Lisbon,Portugal,Europe,"Capital city known for its historic center, Seven Hills, and vibrant nightlife.",38.710825,-9.136136,"[""Weekend"",""One week"",""Short trip""]",Mid-range,5,3,3,3,4,5,3,4,2,"Generally safe, but watch out for pickpockets","4,5,9,10"
f5e0beb0-52e1-402f-a2b3-6b7cafc23cbd,Porto,Portugal,Europe,"Coastal city known for its wine cellars, historic center, and beautiful riverfront.",41.149631,-8.610975,"[""Weekend"",""One week"",""Short trip""]",Mid-range,4,3,3,3,4,5,3,4,3,Generally safe,"4,5,9,10"
530ebc77-08d8-4b39-a231-1d1230ff2a7c,Sintra,Portugal,Europe,"Historic town known for Pena National Palace, Moorish Castle, and romantic atmosphere.",38.730825,-9.360576,"[""Day trip"",""Weekend"",""Short trip""]",Mid-range,5,3,5,2,2,4,3,3,4,Generally safe,"4,5,9,10"
25a750fd-8064-44f4-88d8-8a84b117c3a6,Óbidos,Portugal,Europe,"Medieval walled town with cobblestone streets, colorful houses, and a charming atmosphere.",39.382114,-8.895664,"[""Weekend""]",Mid-range,5,1,2,2,1,3,2,1,4,Generally safe,"4,5,9,10"
78a2e53b-e752-4e99-8ccf-4a5b858f69b6,Aveiro,Portugal,Europe,"Coastal city known for its canals, colorful boats, and beautiful beaches.",40.64275,-8.65109,"[""Weekend""]",Mid-range,3,2,3,4,2,3,3,3,2,Generally safe,"4,5,9,10"
681debfe-58d8-495e-9582-8013758735ea,Braga,Portugal,Europe,"Historic city known for Roman ruins, baroque architecture, and beautiful scenery.",41.537114,-8.422754,"[""Short trip"",""Weekend""]",Mid-range,4,2,3,2,3,4,3,3,3,Generally safe,"4,5,9,10"
6d95759b-c0fe-447c-999a-26b66456d215,Coimbra,Portugal,Europe,"University city known for its historic center, beautiful architecture, and lively atmosphere.",40.205978,-8.410443,"[""Weekend"",""Short trip""]",Budget,5,2,3,2,3,3,2,3,2,Generally safe,"4,5,9,10"
c637638c-0f85-4d0a-904a-76978fc14652,Oslo,Norway,Europe,"The capital city, known for its museums, parks, and vibrant cultural scene.",59.913868,10.751964,"[""Weekend"",""One week"",""Short trip""]",Luxury,4,3,4,2,3,4,4,4,3,Generally safe,"5,6,9,10"
a3f91db0-9e8f-4ae5-99d4-48084d983242,Bergen,Norway,Europe,"A coastal city known for its colorful wooden houses, fish market, and scenic fjords.",60.395186,5.324015,"[""Weekend"",""One week"",""Short trip""]",Luxury,4,4,5,2,3,3,3,3,4,Generally safe,"5,6,9,10"
d003f522-fa13-4235-b84c-dabeae7c0df7,Tromsø,Norway,Europe,"The northernmost city in Norway, known for its Arctic Circle location and Northern Lights.",69.649328,18.955689,"[""One week"",""Short trip""]",Luxury,3,4,5,2,3,3,3,3,4,Generally safe,"5,6,9,10"
330defb4-0bd2-48bc-8bc5-dc785bb62c0f,Flåm,Norway,Europe,"A picturesque village at the end of the Flåm Valley, known for its scenic train journey and fjord cruises.",60.730556,7.024444,"[""Weekend"",""Short trip""]",Mid-range,2,5,5,1,1,2,3,1,5,Generally safe,"6,7,8"
9d9edbe6-c616-419c-80b7-d4c3848e14fa,Stockholm,Sweden,Europe,"The capital city, known for its archipelago, museums, and vibrant culture.",59.329302,18.068581,"[""Weekend"",""One week"",""Short trip""]",Luxury,4,3,4,2,4,4,3,5,3,Generally safe,"5,6,9,10"
4fafec67-12ca-4be3-974d-ce8b25cda135,Gothenburg,Sweden,Europe,"Sweden's second-largest city, known for its harbor, museums, and vibrant nightlife.",57.708863,11.973339,"[""Weekend"",""One week"",""Short trip""]",Mid-range,4,3,4,3,3,4,3,4,3,Generally safe,"5,6,9,10"
ee162c82-afdc-4300-a549-b8c52a5d316b,Malmö,Sweden,Europe,"A coastal city known for its modern architecture, museums, and vibrant arts scene.",55.609934,13.007758,"[""Short trip"",""Weekend""]",Mid-range,4,3,3,3,3,4,3,4,2,Generally safe,"5,6,9,10"
449cf87f-697f-4a6e-808e-ab519798b5cd,Positano,Italy,Europe,"A cliffside village on the Amalfi Coast, famous for pastel houses, beaches and seafood.",40.628,14.485,"[""Weekend""]",Mid-range,2,3,4,4,1,3,3,1,4,Generally safe,"5,6,9,10"
6d6f8963-a627-425f-be04-b14023d87f0f,Visby,Sweden,Europe,"A medieval walled city on the island of Gotland, known for its ruins, cobblestone streets, and summer festivals.",57.744674,18.285443,"[""Weekend"",""Short trip""]",Mid-range,5,2,3,3,3,3,3,2,3,Generally safe,"5,6,9,10"
57f279fa-d79e-432c-bb01-b1c9f97460ce,Uppsala,Sweden,Europe,"A university city known for its cathedral, castle, and museums.",59.858134,17.638943,"[""Weekend""]",Mid-range,4,2,2,2,4,3,2,3,2,Generally safe,"5,6,9,10"
07c81cb5-db15-49ab-88e8-c3068df82158,Kiruna,Sweden,Europe,"The northernmost city in Sweden, located above the Arctic Circle, and known for its mining industry and winter activities.",67.853244,20.236394,"[""Short trip"",""One week""]",Mid-range,2,5,5,1,1,2,3,2,5,Generally safe,"5,6,9,10"
7247116a-0623-49ff-8d44-a611309087ae,Zurich,Switzerland,Europe,"The largest city in Switzerland, known for its financial district, museums, and beautiful lakefront.",47.376881,8.541694,"[""Short trip"",""Weekend"",""One week""]",Luxury,4,3,4,1,3,4,4,5,2,Generally safe,"4,5,9,10"
d6944575-9977-43fc-b09c-36444b0fb80c,Geneva,Switzerland,Europe,"A cosmopolitan city on Lake Geneva, known for its international organizations, museums, and beautiful scenery.",46.204391,6.147435,"[""Short trip"",""One week""]",Luxury,4,3,4,2,3,4,4,5,1,Generally safe,"4,5,9,10"
0e2d3471-b726-4c21-a09a-9340ba501680,Lucerne,Switzerland,Europe,"A picturesque city on Lake Lucerne, known for its historic center, Chapel Bridge, and Lion Monument.",47.051389,8.306944,"[""Short trip"",""One week""]",Luxury,4,4,5,2,2,3,4,3,3,Generally safe,"4,5,9,10"
84f211e5-8d4e-4445-a635-92e7364f14c2,Interlaken,Switzerland,Europe,"A popular resort town in the Bernese Alps, known for its outdoor activities like hiking, skiing, and paragliding.",46.680278,7.855833,"[""Short trip"",""One week""]",Mid-range,1,5,5,2,2,3,4,1,3,Generally safe,"4,5,9,10"
0a02f292-0c18-45ac-a6f0-983e7a292307,Zermatt,Switzerland,Europe,"A car-free town in the Swiss Alps, known for its Matterhorn peak, skiing, and hiking.",46.051389,7.7025,"[""One week"",""Short trip""]",Luxury,3,5,5,1,2,4,4,2,4,Generally safe,"1,2,3,6,7,8,9,12"
12cffa28-1260-4010-be0f-08734126fee5,Gruyères,Switzerland,Europe,"A charming medieval town known for its Gruyère cheese, castle, and chocolate factory.",46.522222,7.034722,"[""Weekend""]",Mid-range,4,3,4,1,1,5,3,1,4,Generally safe,"4,5,9,10"
f59739ce-f92c-45d3-88a7-84ee4820f64b,Montreux,Switzerland,Europe,"A town on Lake Geneva, known for its jazz festival, vineyards, and beautiful scenery.",46.520278,6.923611,"[""Weekend"",""Short trip""]",Luxury,4,2,4,2,3,4,4,3,3,Generally safe,"4,5,9,10"
b3235b22-6233-48b9-afbf-24fb7ae44699,Istanbul,Turkey,Europe,"A historic city straddling Europe and Asia, known for its Hagia Sophia, Blue Mosque, and Grand Bazaar.",41.008238,28.978359,"[""Long trip"",""One week"",""Short trip""]",Mid-range,5,3,3,2,4,5,3,5,2,"Generally safe, but be aware of pickpockets","4,5,9,10"
7ac4bd87-eab5-4a3d-ab9f-9c026d305baa,Antalya,Turkey,Europe,"A popular coastal city known for its beaches, ancient ruins, and vibrant nightlife.",36.522512,30.703761,"[""Short trip"",""One week""]",Mid-range,4,4,4,5,4,4,4,3,3,Generally safe,"4,5,9,10"
8e5a610e-465f-451e-9564-b9721d5ed70d,Bodrum,Turkey,Europe,"A popular coastal town known for its beaches, nightlife, and ancient ruins.",37.134596,27.384188,"[""Short trip"",""One week""]",Mid-range,3,3,3,5,5,4,4,3,2,Generally safe,"4,5,9,10"
7bc91df4-8cef-4ee8-8b10-1a3bbf7b6660,Fethiye,Turkey,Europe,"A coastal town known for its beaches, ancient ruins, and boat trips to nearby islands.",36.686944,28.9575,"[""Short trip"",""One week""]",Mid-range,2,4,5,5,3,3,4,2,3,Generally safe,"4,5,9,10"
1de267bb-3749-48d0-8148-82873fc2a075,Kyiv,Ukraine,Europe,"The capital city, known for its historic architecture, museums, and vibrant culture.",50.45466,30.523842,"[""Weekend"",""One week"",""Short trip""]",Budget,4,3,3,1,4,4,3,4,2,"Generally safe, but be aware of ongoing conflict","5,6,9,10"
1fa1737c-364c-478b-ae88-e859ad947ea7,Lviv,Ukraine,Europe,"A historic city known for its medieval architecture, coffee shops, and vibrant atmosphere.",49.839973,23.989223,"[""Weekend"",""One week"",""Short trip""]",Budget,5,2,3,1,3,4,3,3,3,Generally safe,"5,6,9,10"
e543b826-71c7-4b28-b8c3-bef455323bde,Odessa,Ukraine,Europe,"A coastal city on the Black Sea, known for its beaches, opera house, and vibrant nightlife.",46.483333,30.733333,"[""Weekend"",""One week"",""Short trip""]",Budget,4,3,3,4,4,4,3,4,2,"Generally safe, but be aware of potential risks","5,6,9,10"
1bb81f23-bfd5-489d-9385-3e6f241b3ee4,Wrocław,Poland,Europe,"A colourful city known for its market square, bridges and lively nightlife.",51.1079,17.0385,"[""Weekend"",""Short trip""]",Budget,3,2,2,1,4,3,2,5,1,"Generally safe, but be aware of potential risks","5,6,9,10"
aef2a4a3-cecb-4be3-91c8-cc34b4e6b35e,Rotterdam,Netherlands,Europe,"A modern port city known for its bold architecture, museums and dynamic urban life.",51.9244,4.4777,"[""Weekend""]",Budget,3,2,2,2,4,3,2,4,1,"Generally safe, but be aware of potential risks","5,6,9,10"
2f46d952-1105-4798-8ca1-48bf4eaf3c94,London,United Kingdom,Europe,"The capital city, known for its Buckingham Palace, Big Ben, and Tower of London.",51.507351,-0.127758,"[""Long trip"",""One week"",""Short trip""]",Luxury,5,2,3,1,5,5,3,5,2,"Generally safe, but be aware of pickpockets","4,5,9,10"
02ab8d15-c7f3-4489-a3d7-474fa15d158b,Edinburgh,United Kingdom,Europe,"The capital of Scotland, known for its medieval castle, historic Old Town, and vibrant festivals.",55.953252,-3.188267,"[""Weekend"",""One week"",""Short trip""]",Mid-range,5,3,3,2,4,4,3,4,2,Generally safe,"4,5,9,10"
8fb89a1b-f451-44c1-929f-82f84c827697,Manchester,United Kingdom,Europe,"A major city known for its football teams, music scene, and industrial heritage.",53.480958,-2.241509,"[""Weekend"",""One week"",""Short trip""]",Mid-range,4,2,2,1,4,4,3,4,2,Generally safe,"4,5,9,10"
01830a56-b5f2-4abc-9597-dd41c04776a6,Liverpool,United Kingdom,Europe,"A coastal city known for its Beatles heritage, museums, and waterfront.",53.408371,-2.987576,"[""Weekend"",""Short trip""]",Mid-range,4,2,2,2,5,3,2,4,1,Generally safe,"4,5,9,10"
8c99202d-ac10-43b1-a1c0-b160a4383acd,Cambridge,United Kingdom,Europe,"A university city known for its historic colleges, museums, and botanic gardens.",52.204772,0.120972,"[""Weekend""]",Mid-range,5,2,2,1,3,3,2,3,2,Generally safe,"4,5,9,10"
4af63390-1f07-431d-bff1-2b682f7e1880,Luxembourg City,Luxembourg,Europe,"The capital city, known for its medieval fortifications, picturesque streets, and museums.",49.611668,6.130237,"[""Short trip"",""Weekend""]",Luxury,4,2,3,1,3,4,3,4,3,Generally safe,"4,5,9,10"
4c5549ab-0d81-4e3d-abe6-23898a323fb3,Carcassonne,France,Europe,A fortified medieval city with dramatic ramparts and a well-preserved citadel.,43.213,2.3491,"[""Weekend""]",Mid-range,4,3,4,1,1,3,2,1,4,Generally safe,"4,5,9,10"
c20b81eb-07a4-47e1-890a-7a0e367d1518,Aachen,Germany,Europe,"A historic city known for its cathedral, Charlemagne heritage and thermal baths.",50.7753,6.0839,"[""Weekend""]",Mid-range,3,2,2,1,3,3,2,3,2,Generally safe,"4,5,9,10"
ea7ff100-ded5-458b-92b0-3ec114235801,Zakopane,Poland,Europe,"A mountain resort town at the foot of the Tatras, popular for hiking and winter sports.",49.2992,19.9496,"[""Weekend""]",Mid-range,2,3,3,1,2,2,2,2,3,Generally safe,"4,5,9,10"
e84b3eeb-f9b0-4fe4-ab09-e3881cc808ff,Valletta,Malta,Europe,"The capital city, known for its fortified walls, baroque architecture, and historical sites.",35.897778,14.5075,"[""Short trip"",""Weekend""]",Mid-range,5,2,3,3,3,4,3,3,2,Generally safe,"4,5,9,10"
63a18c21-365d-4ab4-a494-1e8be748c473,Mdina,Malta,Europe,"A medieval walled city known as the ""Silent City,"" offering a glimpse into Malta's past.",35.884167,14.493889,"[""Weekend""]",Mid-range,5,1,1,1,1,3,2,2,3,Generally safe,"4,5,9,10"
ede37b31-9872-4ea5-bc2d-50a21dc2d207,Portofino,Italy,Europe,"A picturesque fishing village on the Italian Riviera, famous for its harbour and seafood.",44.3036,9.2094,"[""Weekend""]",Mid-range,3,2,3,3,1,4,2,2,3,Generally safe,"4,5,9,10"
ed6846ce-c8f1-4805-8cd5-3c1cd8f0e082,Palma de Mallorca,Spain,Europe,"A lively coastal city with beautiful beaches, a historic old town and vibrant nightlife.",39.5696,2.6502,"[""Weekend"",""Short trip""]",Mid-range,2,3,3,4,3,3,3,3,2,Generally safe,"4,5,9,10"
5a2c0387-4b10-41a6-a726-a787336c6048,Rabat,Malta,Europe,A historic town known for its Roman catacombs and Mdina Glass Museum.,35.879444,14.463056,"[""Short trip"",""One week"",""Weekend""]",Budget,4,2,3,3,3,4,3,4,3,Generally safe,"4,5,9,10"
43f20b01-d6f3-4988-8ee2-10a8fe8032a1,Córdoba,Spain,Europe,"A cultural city famous for the Mezquita, a grand mosque-cathedral, and its historic quarter.",37.8882,-4.7794,"[""Weekend""]",Mid-range,4,1,1,2,1,3,2,2,3,Generally safe,"4,5,9,10"
7c2d5b16-ed42-4583-baaa-e5283acb5b50,Sorrento,Italy,Europe,"A relaxed coastal town overlooking the Bay of Naples, known for its cliffs and lemon groves.",40.6263,14.3757,"[""Weekend""]",Mid-range,2,2,3,4,2,3,3,3,3,Generally safe,"4,5,9,10"
9d910336-98ff-41b4-8709-0acb114e6b94,Reykjavik,Iceland,Europe,"The capital city, known for its colorful houses, museums, and vibrant culture.",64.147778,-21.915556,"[""Short trip"",""One week"",""Weekend""]",Luxury,3,4,5,2,3,3,4,3,4,Generally safe,"5,6,9,10"
7f5562dd-cd43-49ac-9553-7b8ceb1561c4,Akureyri,Iceland,Europe,"The largest city in North Iceland, known for its botanical garden and winter activities.",65.668611,-18.081389,"[""Short trip"",""Weekend""]",Luxury,3,4,5,2,2,3,3,3,4,Generally safe,"5,6,9,10"
de777f99-c9f9-47ce-aacd-9802a97f486c,Belgrade,Serbia,Europe,"The capital city, known for its historical landmarks, vibrant nightlife, and beautiful riverside location.",44.816667,20.448889,"[""One week"",""Short trip"",""Weekend""]",Budget,4,3,3,2,5,4,3,4,2,"Generally safe, but be aware of pickpockets","4,5,9,10"
efa16092-7292-4173-82bf-ee8113cd0447,Novi Sad,Serbia,Europe,"A city on the Danube River, known for its historic center, museums, and vibrant cultural scene.",45.263333,19.846667,"[""Weekend"",""Short trip""]",Budget,4,2,2,2,5,3,2,4,2,Generally safe,"4,5,9,10"
797bd596-1d1d-4b04-9da2-e726f2f49508,Pula,Croatia,Europe,A coastal city with a remarkably preserved Roman amphitheatre and rich history.,44.8666,13.8496,"[""Weekend""]",Budget,4,2,2,1,3,3,2,3,2,Generally safe,"4,5,9,10"
f855b54e-3874-459d-8f27-dd17d4120d5a,Segovia,Spain,Europe,"A historic city famous for its Roman aqueduct, cathedral and traditional cuisine.",40.9429,-4.1088,"[""Weekend""]",Budget,4,2,3,1,2,4,2,1,4,Generally safe,"4,5,9,10"
71d4406c-4ed8-4a69-b62e-7255920cdff2,Brno,Czech Republic,Europe,"A vibrant city known for its architecture, museums and lively student atmosphere.",49.1951,16.6068,"[""Weekend""]",Budget,4,2,2,2,3,3,2,3,2,Generally safe,"4,5,9,10"
2e6dd865-ab34-473b-8efd-e46e465a1e94,Karlovy Vary,Czech Republic,Europe,"A world-famous spa town known for its mineral springs, colonnades and wellness resorts.",50.2329,12.871,"[""Weekend"",""Short trip""]",Budget,2,2,4,1,2,3,5,2,3,Generally safe,"1,2,3,4,5,6,7,8,9,10,11,12"
669e27e3-0648-4f40-8e78-9ede2c569a0b,Amsterdam,Netherlands,Europe,"Charming canals wind through vibrant neighborhoods, where historic architecture meets cozy cafés and the air buzzes with a creative energy.",52.3730796,4.8924534,"[""Short trip"",""Weekend"",""One week""]",Mid-range,5,3,3,2,5,4,3,5,2,"Generally safe, but watch out for pickpockets","4,5,6,9"
08872e0b-b305-470b-8340-ccf1619bdc7a,Prague,Czech Republic,Europe,"Cobblestone streets and Gothic architecture create a fairytale-like atmosphere, where historic charm and modern culture blend seamlessly along the river.",50.0874654,14.4212535,"[""One week"",""Short trip"",""Weekend""]",Mid-range,5,2,3,1,4,4,3,5,2,"Generally safe, but watch out for pickpockets","4,5,9,10"
685c85c2-f86a-4a6e-a957-ec6a27a07018,Budapest,Hungary,Europe,"Charming streets lined with historic architecture and lively ruin bars create a welcoming vibe, where tradition meets a vibrant, modern energy.",47.48138955,19.14609413,"[""Short trip"",""One week"",""Weekend""]",Mid-range,5,3,3,1,5,4,5,4,2,"Generally safe, but be aware of pickpockets","4,5,9,10"
ce222d88-7dc2-4343-8bc9-d6f87f5529b5,Dublin,Ireland,Europe,"Charming cobblestone streets, lively pubs filled with music, and a rich tapestry of history create a welcoming and vibrant atmosphere.",53.3493795,-6.2605593,"[""Short trip"",""One week"",""Weekend""]",Mid-range,4,2,3,2,4,4,3,4,2,Generally safe,"5,6,7,8,9"
5b8c7b7c-a186-4d34-b482-c301dd6ba3eb,Bucharest,Romania,Europe,"Tree-lined boulevards, eclectic architecture, and lively squares invite you to explore a city where history and modernity coexist seamlessly.",44.4361414,26.1027202,"[""Short trip"",""Weekend"",""One week""]",Budget,4,2,3,1,4,4,3,4,2,"Generally safe, but be aware of pickpockets","4,5,9,10"
8431c1b8-765f-4282-93f8-a73be65b9c61,Kraków,Poland,Europe,"Charming cobblestone streets and lively squares invite exploration, while the rich history and vibrant culture create an inviting and warm atmosphere.",50.0619474,19.9368564,"[""Weekend"",""One week"",""Short trip""]",Mid-range,5,2,3,1,4,4,3,4,2,Generally safe,"5,6,9"
f5609bcb-6a46-4bd4-9b1e-cff1a9d6102f,Warsaw,Poland,Europe,"Historic streets blend with modern vibes, where cozy cafes and vibrant squares invite leisurely strolls and a taste of local culture.",52.2337172,21.07143224,"[""Weekend"",""One week"",""Short trip""]",Mid-range,4,2,3,1,4,4,3,4,2,Generally safe,"5,6,9"
881fec68-c8e3-404b-bc77-d059adb67c03,Bratislava,Slovakia,Europe,"Charming cobblestone streets and lively squares invite you to explore colorful facades, historic landmarks, and cozy cafés offering a warm, welcoming vibe.",48.1516988,17.1093063,"[""Short trip"",""Weekend""]",Mid-range,4,3,3,1,3,3,3,3,3,Generally safe,"4,5,9,10"
8d058502-6b3d-4d55-8205-ed859bea14f6,Ljubljana,Slovenia,Europe,"Charming cobblestone streets, vibrant riverfront cafés, and lush green spaces offer a welcoming atmosphere that's both lively and relaxing.",46.0500268,14.5069289,"[""Weekend"",""One week"",""Short trip""]",Mid-range,4,3,4,1,3,4,3,4,3,Generally safe,"4,5,6,9"
154db88c-8287-4d84-bfcc-16f3dba6b549,Helsinki,Finland,Europe,"A blend of modern design and serene nature, where crisp air and cozy cafes invite you to unwind and explore.",60.1674881,24.9427473,"[""Short trip"",""One week"",""Weekend""]",Mid-range,4,3,4,2,3,4,4,4,3,Generally safe,"6,7,8"
70687b22-7fdc-4e6f-8a02-5653d957a200,Tallinn,Estonia,Europe,"Medieval lanes, vibrant markets, and the scent of fresh pastries create an enchanting atmosphere that's both historic and inviting.",59.4372155,24.7453688,"[""Short trip"",""One week"",""Weekend""]",Mid-range,4,2,3,2,3,4,3,4,3,Generally safe,"6,7,8"
1446fb63-2fd7-4bb1-9a0a-813bc3838d5d,Riga,Latvia,Europe,"Charming cobblestone streets, vibrant markets, and a blend of medieval and Art Nouveau architecture create a captivating and cozy atmosphere for exploration.",56.9493977,24.1051846,"[""Short trip"",""One week"",""Weekend""]",Mid-range,4,3,3,2,4,4,3,4,3,Generally safe,"6,7,8"
20400046-7d17-4f2f-81b0-08978f3f0757,Vilnius,Lithuania,Europe,"Charming cobblestone streets and baroque architecture blend with a youthful energy, offering a cozy yet vibrant atmosphere perfect for leisurely exploration.",54.6870458,25.2829111,"[""Short trip"",""Weekend""]",Budget,4,2,3,2,3,3,3,3,3,Generally safe,"6,7,8"
5697fc92-b56b-40dc-817f-241ba34245f0,Dubrovnik,Croatia,Europe,"Wander through ancient stone streets, bask in the Adriatic sun, and feel the blend of history and sea breeze at every corner.",42.6491029,18.0939501,"[""Weekend"",""Short trip"",""Day trip""]",Mid-range,5,3,4,4,3,4,3,3,2,"Generally safe, but be aware of crowds","5,6,9,10"
5aec21ff-1938-400f-99cd-30c62c89a367,Sibiu,Romania,Europe,"Charming cobblestone streets and vibrant squares create a cozy atmosphere, inviting you to explore its rich history and welcoming local culture.",45.7973912,24.1519202,"[""Short trip"",""Weekend""]",Budget,4,3,4,1,3,3,3,3,4,Generally safe,"5,6,9"
beaaa55b-4add-47a3-8c4c-8271410a27ea,Split,Croatia,Europe,Wander through ancient stone streets where the Adriatic breeze mingles with lively chatter and the scent of fresh seafood from bustling markets.,43.5116383,16.4399659,"[""Short trip"",""Weekend"",""One week""]",Mid-range,4,3,4,4,4,4,3,3,3,"Generally safe, but be aware of crowds","5,6,9"
db735bbd-bcad-4d75-ab41-f11bfc2fa81d,Bologna,Italy,Europe,"Strolling under ancient porticoes, savoring rich aromas of fresh pasta, and enjoying lively piazzas create a warm, welcoming atmosphere.",44.4938203,11.3426327,"[""Short trip"",""Weekend"",""One week""]",Mid-range,5,2,3,1,3,5,3,4,2,"Generally safe, but watch out for pickpockets","4,5,9,10"
fb97a41e-cf56-4e88-994f-70e008559f9e,Turin,Italy,Europe,"Strolling through elegant piazzas and baroque architecture, you'll feel the city's rich history and vibrant cultural scene come alive around you.",45.0677551,7.6824892,"[""Short trip"",""Weekend"",""One week""]",Mid-range,5,2,3,1,3,4,3,4,2,Generally safe,"4,5,9,10"
8788bc00-2717-46e5-8296-d32fb9fb7842,Siena,Italy,Europe,"Medieval streets wind through sunlit squares, where the aroma of fresh pasta mingles with the echoes of vibrant local life.",43.16720595,11.46756104,"[""Weekend"",""Short trip""]",Mid-range,5,2,3,1,2,4,3,3,4,Generally safe,"5,6,9"
39d7e003-77b2-47fe-abab-30373f31bcd5,Palermo,Italy,Europe,"Sun-drenched streets filled with the aroma of street food, lively markets, and stunning architecture create an enchanting and vibrant atmosphere.",38.1112268,13.3524434,"[""Short trip"",""One week"",""Weekend""]",Mid-range,4,2,3,3,3,5,3,4,2,"Generally safe, but be aware of pickpockets","4,5,9,10"
082dc780-c0e5-4d33-b7a6-4f1b9e50017d,Bern,Switzerland,Europe,"Charming cobblestone streets wind through medieval architecture, while the gentle flow of the river creates a serene backdrop for leisurely exploration.",46.9484742,7.4521749,"[""Weekend"",""One week"",""Short trip""]",Luxury,4,3,4,1,3,4,4,4,3,Generally safe,"5,6,7,9"
88892ce2-3515-4bad-95a3-511b603e01e6,Lausanne,Switzerland,Europe,"Nestled by the lake, this city charms with its blend of historic architecture, vibrant cultural scene, and stunning alpine views.",46.5218269,6.6327025,"[""Short trip"",""Weekend"",""One week""]",Luxury,4,3,4,1,3,4,4,4,3,Generally safe,"5,6,7,9"
d1033b6d-b205-4520-a560-b884f66be3d3,Bath,United Kingdom,Europe,"Charming cobblestone streets, historic architecture, and the soothing warmth of natural hot springs create a serene and inviting experience.",51.3813864,-2.3596963,"[""Short trip"",""Weekend""]",Mid-range,5,2,3,1,3,4,5,3,3,Generally safe,"5,6,9"
a0c1c891-d02f-4fa5-b5de-32807d88fce5,York,United Kingdom,Europe,"Charming cobblestone streets and ancient city walls create a cozy, inviting atmosphere, where history and modern vibrancy coexist beautifully.",53.96565785,-1.074305244,"[""Weekend"",""Short trip""]",Mid-range,5,2,3,1,3,4,3,3,3,Generally safe,"5,6,9"
1f7f0482-fd2d-433e-b70d-e843bfab199e,Glasgow,United Kingdom,Europe,"Lively streets filled with music, striking architecture, and a rich cultural scene make every corner of this city feel inviting and vibrant.",55.861155,-4.2501687,"[""Weekend"",""One week"",""Short trip""]",Mid-range,4,2,3,1,4,4,3,4,2,Generally safe,"5,6,7,8"
c21c0fce-a569-4058-bff9-cdf65ecc50ea,Belfast,United Kingdom,Europe,"Cozy pubs, historic streets, and the lively spirit of its people create an inviting and culturally rich atmosphere full of stories.",54.596391,-5.9301829,"[""Weekend"",""One week"",""Short trip""]",Mid-range,4,3,3,2,3,4,3,4,2,Generally safe,"5,6,7,8"
6590b641-9345-47da-846b-fa923c0cd7bd,Nuremberg,Germany,Europe,"Charming medieval streets, vibrant markets, and a rich history offer a delightful blend of old-world charm and modern vibrancy.",49.453872,11.077298,"[""Short trip"",""Weekend""]",Mid-range,4,2,3,1,3,4,3,4,2,Generally safe,"5,6,9,12"
38711c76-e8d7-4a64-90e5-a17a39ce118f,Leipzig,Germany,Europe,"Charming cobblestone streets, vibrant arts scene, and lively music venues create a welcoming vibe that's both culturally rich and refreshingly laid-back.",51.3406321,12.3747329,"[""Short trip"",""Weekend"",""One week""]",Mid-range,4,2,3,1,4,4,3,4,2,Generally safe,"5,6,9"
bc7f151b-8e34-4439-90d5-8aabebdffa45,Toulouse,France,Europe,"Charming cobblestone streets, pink-hued buildings, and a lively café culture create a welcoming atmosphere that's both vibrant and soothing.",43.6044622,1.4442469,"[""Short trip"",""One week"",""Weekend""]",Mid-range,4,3,3,2,4,4,3,4,2,Generally safe,"4,5,6,9"
c1673a8b-beb5-4e84-9aa4-c7208fff5b33,Lille,France,Europe,"Charming cobblestone streets, vibrant squares, and a mix of Flemish and French influences create a welcoming atmosphere full of character and warmth.",50.6365654,3.0635282,"[""Weekend"",""Short trip""]",Mid-range,4,2,2,1,3,4,3,4,2,Generally safe,"5,6,9"
93fd134a-f7af-46fb-81f9-4c07af99f262,Nantes,France,Europe,"A city where historic charm meets modern creativity, with cobblestone streets, vibrant art scenes, and the gentle flow of the Loire River.",47.2186371,-1.5541362,"[""Weekend"",""One week"",""Short trip""]",Mid-range,4,2,3,2,3,4,3,4,3,Generally safe,"5,6,9"
5221c998-2b64-459f-bff1-fa57c5b0b892,Colmar,France,Europe,"Charming canals lined with half-timbered houses and vibrant flowers create a fairy-tale atmosphere, inviting leisurely strolls and delightful discoveries.",48.0777517,7.3579641,"[""Short trip"",""Weekend""]",Mid-range,4,2,3,1,2,4,3,2,4,Generally safe,"5,6,9,12"
ec27d915-2ab3-4992-a3b7-02e3bfebe60a,Sofia,Bulgaria,Europe,"Charming streets lined with eclectic architecture and vibrant markets invite you to immerse in a blend of history, culture, and modern energy.",42.6977028,23.3217359,"[""Short trip"",""Weekend"",""One week""]",Budget,4,3,3,1,3,4,3,3,2,Generally safe,"5,6,9"
d8ff8cc7-3a0c-4e8b-9a2e-91c013d6147a,Plovdiv,Bulgaria,Europe,"Charming cobblestone streets, vibrant street art, and ancient ruins create a unique blend of history and modernity, inviting leisurely exploration.",42.1418541,24.7499297,"[""Short trip"",""Weekend""]",Budget,4,3,3,1,3,4,3,3,3,Generally safe,"5,6,9"
cb9baa71-b9d0-420a-8e6b-9a20023e8339,Zagreb,Croatia,Europe,"A blend of charming cobblestone streets, vibrant markets, and lively cafes creates an inviting atmosphere filled with history and modern culture.",45.8130967,15.9772795,"[""One week"",""Short trip"",""Weekend""]",Mid-range,4,3,3,1,3,4,3,4,2,Generally safe,"5,6,9"
af350e5b-1748-4fc7-812a-cf08755b793f,Hvar,Croatia,Europe,"Sun-drenched beaches, fragrant lavender fields, and lively waterfronts create a vibrant yet relaxed atmosphere perfect for unwinding and exploring.",43.17389195,16.55652349,"[""One week"",""Short trip"",""Weekend""]",Mid-range,3,3,4,5,5,4,3,3,2,"Generally safe, but be aware of crowds","6,7,8,9"
78b2e2c4-5b12-4a37-a8a8-9c7a292dac55,Sarajevo,Bosnia and Herzegovina,Europe,"Cobblestone streets echo with the sound of church bells and the call to prayer, creating a unique blend of cultures and histories.",43.8519774,18.3866868,"[""One week"",""Short trip"",""Weekend""]",Budget,4,3,3,1,3,4,3,3,3,Generally safe,"5,6,9"
c729be7d-c908-4b51-916f-51e5cc39c8f0,Mostar,Bosnia and Herzegovina,Europe,"Cobblestone streets, the sound of the river below, and the iconic bridge create a charming and reflective atmosphere in this historic town.",43.3435855,17.8076584,"[""Weekend"",""Short trip"",""Day trip""]",Budget,4,3,4,1,3,4,3,3,3,Generally safe,"5,6,9"
116fb76b-4372-41e5-80a3-1fd0f67445ed,Kotor,Montenegro,Europe,"Winding cobblestone streets and ancient stone walls create a charming, timeless atmosphere, inviting you to explore hidden corners and scenic views.",42.4249205,18.7713332,"[""Short trip"",""Weekend""]",Mid-range,4,3,4,3,2,3,3,2,4,"Generally safe, but be aware of crowds","5,6,9"
c3b1978d-68f2-4981-87c4-b7af37a66379,Thessaloniki,Greece,Europe,"Lively waterfronts, aromatic tavernas, and ancient ruins blend seamlessly with a youthful energy that invites exploration and leisurely enjoyment.",40.6403167,22.9352716,"[""Short trip"",""One week"",""Weekend""]",Mid-range,4,3,3,3,4,5,3,4,2,Generally safe,"5,6,9,10"
4c224f16-7d27-4063-a644-6b0ffdeddc24,Mykonos,Greece,Europe,Sun-drenched beaches and vibrant nightlife on a stunning Greek island.,37.4467,25.3289,"[""Weekend"",""One week""]",Mid-range,3,2,3,5,5,4,3,3,2,"Generally safe, but be aware of crowds","6,7,8,9"
3b9e6e27-7c43-4a46-933b-3e05e923309d,Tirana,Albania,Europe,"Vibrant streets filled with eclectic architecture, lively markets, and welcoming locals create an inviting atmosphere that feels both dynamic and laid-back.",41.3281482,19.8184435,"[""Short trip"",""Weekend""]",Budget,3,3,3,2,3,3,3,3,2,Generally safe,"5,6,9"
47ea2d27-5eb1-416f-98b6-7736c48bb807,Skopje,North Macedonia,Europe,"Wandering through eclectic streets, you'll encounter a blend of ancient history and modern quirks, with vibrant markets and grand statues at every turn.",41.9961816,21.4319213,"[""Weekend"",""Short trip""]",Budget,4,3,3,1,3,3,2,3,3,Generally safe,"5,6,9"
93cff281-b176-4b22-9e8f-4f299e22cf41,Gdansk,Poland,Europe,"Charming cobblestone streets and vibrant maritime history meet the salty breeze of the Baltic, creating a welcoming and lively coastal atmosphere.",54.42880315,18.79832701,"[""Short trip"",""Weekend""]",Mid-range,4,2,3,3,3,4,3,4,2,Generally safe,"6,7,8"
4601aa3c-508d-46ae-8a55-1227bea573b4,Bled,Slovenia,Europe,"A serene lakeside town where the emerald waters reflect the surrounding mountains, offering a peaceful escape and stunning natural beauty.",46.3684202,14.1100595,"[""Weekend"",""Short trip""]",Mid-range,3,4,5,2,2,3,3,2,4,Generally safe,"6,7,8,9"
e6b53064-966a-4a0e-8b58-f9348bbf9cdf,Sighisoara,Romania,Europe,"Cobblestone streets and colorful medieval towers create a fairy-tale setting, inviting you to wander and uncover centuries-old secrets around every corner.",46.2202037,24.7934483,"[""Weekend"",""Short trip"",""Day trip""]",Budget,5,3,3,1,2,3,2,2,4,Generally safe,"5,6,9"
